datetime,value
2021-06-01T00:00:00+02:00,116.33
2021-06-01T01:00:00+02:00,115.95
2021-06-01T02:00:00+02:00,114.89
2021-06-01T03:00:00+02:00,114.96
2021-06-01T04:00:00+02:00,114.84
2021-06-01T05:00:00+02:00,116.03
2021-06-01T06:00:00+02:00,116.29
2021-06-01T07:00:00+02:00,115.7
2021-06-01T08:00:00+02:00,152.89
2021-06-01T09:00:00+02:00,150.83
2021-06-01T10:00:00+02:00,242.62
2021-06-01T11:00:00+02:00,240.5
2021-06-01T12:00:00+02:00,238.09
2021-06-01T13:00:00+02:00,235.3
2021-06-01T14:00:00+02:00,137.96
2021-06-01T15:00:00+02:00,132.88
2021-06-01T16:00:00+02:00,131.93
2021-06-01T17:00:00+02:00,135.99
2021-06-01T18:00:00+02:00,231.44
2021-06-01T19:00:00+02:00,240.4
2021-06-01T20:00:00+02:00,246.2
2021-06-01T21:00:00+02:00,248.08
2021-06-01T22:00:00+02:00,155.91
2021-06-01T23:00:00+02:00,156.5
2021-06-02T00:00:00+02:00,116.2
2021-06-02T01:00:00+02:00,114.37
2021-06-02T02:00:00+02:00,112.53
2021-06-02T03:00:00+02:00,112.87
2021-06-02T04:00:00+02:00,111.85
2021-06-02T05:00:00+02:00,111.97
2021-06-02T06:00:00+02:00,115.76
2021-06-02T07:00:00+02:00,115.64
2021-06-02T08:00:00+02:00,152.96
2021-06-02T09:00:00+02:00,148.53
2021-06-02T10:00:00+02:00,239.96
2021-06-02T11:00:00+02:00,236.68
2021-06-02T12:00:00+02:00,235.64
2021-06-02T13:00:00+02:00,235.05
2021-06-02T14:00:00+02:00,138.51
2021-06-02T15:00:00+02:00,136.15
2021-06-02T16:00:00+02:00,132.27
2021-06-02T17:00:00+02:00,136.19
2021-06-02T18:00:00+02:00,231.2
2021-06-02T19:00:00+02:00,236.77
2021-06-02T20:00:00+02:00,239.27
2021-06-02T21:00:00+02:00,245.0
2021-06-02T22:00:00+02:00,150.92
2021-06-02T23:00:00+02:00,148.31
2021-06-03T00:00:00+02:00,109.58
2021-06-03T01:00:00+02:00,106.08
2021-06-03T02:00:00+02:00,102.96
2021-06-03T03:00:00+02:00,104.45
2021-06-03T04:00:00+02:00,104.62
2021-06-03T05:00:00+02:00,107.53
2021-06-03T06:00:00+02:00,111.76
2021-06-03T07:00:00+02:00,112.82
2021-06-03T08:00:00+02:00,149.44
2021-06-03T09:00:00+02:00,141.77
2021-06-03T10:00:00+02:00,233.13
2021-06-03T11:00:00+02:00,231.58
2021-06-03T12:00:00+02:00,231.53
2021-06-03T13:00:00+02:00,230.1
2021-06-03T14:00:00+02:00,132.65
2021-06-03T15:00:00+02:00,123.78
2021-06-03T16:00:00+02:00,123.41
2021-06-03T17:00:00+02:00,126.76
2021-06-03T18:00:00+02:00,226.34
2021-06-03T19:00:00+02:00,234.88
2021-06-03T20:00:00+02:00,237.45
2021-06-03T21:00:00+02:00,242.13
2021-06-03T22:00:00+02:00,149.56
2021-06-03T23:00:00+02:00,147.21
2021-06-04T00:00:00+02:00,103.12
2021-06-04T01:00:00+02:00,102.95
2021-06-04T02:00:00+02:00,102.52
2021-06-04T03:00:00+02:00,105.81
2021-06-04T04:00:00+02:00,105.77
2021-06-04T05:00:00+02:00,108.25
2021-06-04T06:00:00+02:00,111.09
2021-06-04T07:00:00+02:00,112.52
2021-06-04T08:00:00+02:00,149.52
2021-06-04T09:00:00+02:00,145.98
2021-06-04T10:00:00+02:00,235.55
2021-06-04T11:00:00+02:00,235.06
2021-06-04T12:00:00+02:00,234.9
2021-06-04T13:00:00+02:00,234.48
2021-06-04T14:00:00+02:00,137.15
2021-06-04T15:00:00+02:00,134.09
2021-06-04T16:00:00+02:00,129.52
2021-06-04T17:00:00+02:00,133.79
2021-06-04T18:00:00+02:00,231.88
2021-06-04T19:00:00+02:00,236.58
2021-06-04T20:00:00+02:00,238.32
2021-06-04T21:00:00+02:00,239.39
2021-06-04T22:00:00+02:00,144.42
2021-06-04T23:00:00+02:00,140.65
2021-06-05T00:00:00+02:00,103.4
2021-06-05T01:00:00+02:00,96.97
2021-06-05T02:00:00+02:00,94.35
2021-06-05T03:00:00+02:00,95.48
2021-06-05T04:00:00+02:00,94.31
2021-06-05T05:00:00+02:00,94.51
2021-06-05T06:00:00+02:00,93.76
2021-06-05T07:00:00+02:00,96.09
2021-06-05T08:00:00+02:00,102.83
2021-06-05T09:00:00+02:00,102.36
2021-06-05T10:00:00+02:00,106.78
2021-06-05T11:00:00+02:00,106.93
2021-06-05T12:00:00+02:00,106.58
2021-06-05T13:00:00+02:00,107.01
2021-06-05T14:00:00+02:00,104.82
2021-06-05T15:00:00+02:00,100.25
2021-06-05T16:00:00+02:00,98.99
2021-06-05T17:00:00+02:00,98.59
2021-06-05T18:00:00+02:00,99.19
2021-06-05T19:00:00+02:00,99.66
2021-06-05T20:00:00+02:00,107.3
2021-06-05T21:00:00+02:00,110.92
2021-06-05T22:00:00+02:00,111.3
2021-06-05T23:00:00+02:00,107.22
2021-06-06T00:00:00+02:00,112.11
2021-06-06T01:00:00+02:00,109.84
2021-06-06T02:00:00+02:00,104.54
2021-06-06T03:00:00+02:00,104.78
2021-06-06T04:00:00+02:00,99.5
2021-06-06T05:00:00+02:00,100.33
2021-06-06T06:00:00+02:00,100.26
2021-06-06T07:00:00+02:00,99.05
2021-06-06T08:00:00+02:00,96.06
2021-06-06T09:00:00+02:00,93.35
2021-06-06T10:00:00+02:00,88.87
2021-06-06T11:00:00+02:00,88.64
2021-06-06T12:00:00+02:00,88.4
2021-06-06T13:00:00+02:00,88.51
2021-06-06T14:00:00+02:00,87.8
2021-06-06T15:00:00+02:00,77.55
2021-06-06T16:00:00+02:00,61.5
2021-06-06T17:00:00+02:00,78.33
2021-06-06T18:00:00+02:00,86.47
2021-06-06T19:00:00+02:00,95.48
2021-06-06T20:00:00+02:00,104.19
2021-06-06T21:00:00+02:00,112.65
2021-06-06T22:00:00+02:00,114.14
2021-06-06T23:00:00+02:00,111.76
2021-06-07T00:00:00+02:00,105.31
2021-06-07T01:00:00+02:00,94.58
2021-06-07T02:00:00+02:00,94.41
2021-06-07T03:00:00+02:00,95.28
2021-06-07T04:00:00+02:00,95.47
2021-06-07T05:00:00+02:00,105.39
2021-06-07T06:00:00+02:00,108.41
2021-06-07T07:00:00+02:00,111.14
2021-06-07T08:00:00+02:00,150.58
2021-06-07T09:00:00+02:00,144.71
2021-06-07T10:00:00+02:00,233.94
2021-06-07T11:00:00+02:00,232.68
2021-06-07T12:00:00+02:00,231.98
2021-06-07T13:00:00+02:00,231.5
2021-06-07T14:00:00+02:00,137.06
2021-06-07T15:00:00+02:00,135.54
2021-06-07T16:00:00+02:00,135.4
2021-06-07T17:00:00+02:00,137.85
2021-06-07T18:00:00+02:00,235.73
2021-06-07T19:00:00+02:00,242.12
2021-06-07T20:00:00+02:00,244.94
2021-06-07T21:00:00+02:00,242.73
2021-06-07T22:00:00+02:00,149.52
2021-06-07T23:00:00+02:00,146.58
2021-06-08T00:00:00+02:00,106.73
2021-06-08T01:00:00+02:00,105.5
2021-06-08T02:00:00+02:00,105.46
2021-06-08T03:00:00+02:00,106.38
2021-06-08T04:00:00+02:00,109.29
2021-06-08T05:00:00+02:00,111.21
2021-06-08T06:00:00+02:00,110.79
2021-06-08T07:00:00+02:00,114.41
2021-06-08T08:00:00+02:00,154.42
2021-06-08T09:00:00+02:00,143.89
2021-06-08T10:00:00+02:00,231.49
2021-06-08T11:00:00+02:00,231.64
2021-06-08T12:00:00+02:00,231.79
2021-06-08T13:00:00+02:00,231.69
2021-06-08T14:00:00+02:00,137.87
2021-06-08T15:00:00+02:00,134.21
2021-06-08T16:00:00+02:00,132.11
2021-06-08T17:00:00+02:00,137.41
2021-06-08T18:00:00+02:00,236.05
2021-06-08T19:00:00+02:00,240.42
2021-06-08T20:00:00+02:00,241.82
2021-06-08T21:00:00+02:00,241.6
2021-06-08T22:00:00+02:00,146.42
2021-06-08T23:00:00+02:00,142.31
2021-06-09T00:00:00+02:00,108.44
2021-06-09T01:00:00+02:00,106.02
2021-06-09T02:00:00+02:00,101.76
2021-06-09T03:00:00+02:00,104.97
2021-06-09T04:00:00+02:00,107.91
2021-06-09T05:00:00+02:00,109.4
2021-06-09T06:00:00+02:00,109.98
2021-06-09T07:00:00+02:00,110.83
2021-06-09T08:00:00+02:00,147.87
2021-06-09T09:00:00+02:00,140.57
2021-06-09T10:00:00+02:00,232.88
2021-06-09T11:00:00+02:00,233.17
2021-06-09T12:00:00+02:00,233.46
2021-06-09T13:00:00+02:00,233.54
2021-06-09T14:00:00+02:00,140.26
2021-06-09T15:00:00+02:00,134.8
2021-06-09T16:00:00+02:00,129.49
2021-06-09T17:00:00+02:00,135.81
2021-06-09T18:00:00+02:00,234.64
2021-06-09T19:00:00+02:00,238.64
2021-06-09T20:00:00+02:00,240.71
2021-06-09T21:00:00+02:00,241.9
2021-06-09T22:00:00+02:00,148.93
2021-06-09T23:00:00+02:00,142.17
2021-06-10T00:00:00+02:00,108.8
2021-06-10T01:00:00+02:00,104.22
2021-06-10T02:00:00+02:00,101.43
2021-06-10T03:00:00+02:00,102.1
2021-06-10T04:00:00+02:00,100.41
2021-06-10T05:00:00+02:00,107.68
2021-06-10T06:00:00+02:00,109.45
2021-06-10T07:00:00+02:00,113.05
2021-06-10T08:00:00+02:00,152.58
2021-06-10T09:00:00+02:00,142.18
2021-06-10T10:00:00+02:00,234.88
2021-06-10T11:00:00+02:00,235.63
2021-06-10T12:00:00+02:00,235.75
2021-06-10T13:00:00+02:00,235.67
2021-06-10T14:00:00+02:00,142.21
2021-06-10T15:00:00+02:00,138.88
2021-06-10T16:00:00+02:00,135.57
2021-06-10T17:00:00+02:00,139.25
2021-06-10T18:00:00+02:00,237.18
2021-06-10T19:00:00+02:00,242.53
2021-06-10T20:00:00+02:00,242.83
2021-06-10T21:00:00+02:00,243.48
2021-06-10T22:00:00+02:00,149.36
2021-06-10T23:00:00+02:00,145.54
2021-06-11T00:00:00+02:00,109.81
2021-06-11T01:00:00+02:00,106.78
2021-06-11T02:00:00+02:00,101.05
2021-06-11T03:00:00+02:00,98.04
2021-06-11T04:00:00+02:00,96.14
2021-06-11T05:00:00+02:00,99.34
2021-06-11T06:00:00+02:00,109.02
2021-06-11T07:00:00+02:00,114.68
2021-06-11T08:00:00+02:00,152.68
2021-06-11T09:00:00+02:00,142.59
2021-06-11T10:00:00+02:00,233.73
2021-06-11T11:00:00+02:00,234.14
2021-06-11T12:00:00+02:00,234.82
2021-06-11T13:00:00+02:00,234.09
2021-06-11T14:00:00+02:00,140.89
2021-06-11T15:00:00+02:00,138.98
2021-06-11T16:00:00+02:00,137.49
2021-06-11T17:00:00+02:00,137.62
2021-06-11T18:00:00+02:00,234.36
2021-06-11T19:00:00+02:00,241.17
2021-06-11T20:00:00+02:00,244.23
2021-06-11T21:00:00+02:00,242.47
2021-06-11T22:00:00+02:00,151.15
2021-06-11T23:00:00+02:00,147.68
2021-06-12T00:00:00+02:00,108.74
2021-06-12T01:00:00+02:00,107.71
2021-06-12T02:00:00+02:00,106.82
2021-06-12T03:00:00+02:00,107.4
2021-06-12T04:00:00+02:00,104.76
2021-06-12T05:00:00+02:00,100.76
2021-06-12T06:00:00+02:00,100.73
2021-06-12T07:00:00+02:00,100.15
2021-06-12T08:00:00+02:00,104.32
2021-06-12T09:00:00+02:00,100.89
2021-06-12T10:00:00+02:00,96.04
2021-06-12T11:00:00+02:00,92.95
2021-06-12T12:00:00+02:00,93.6
2021-06-12T13:00:00+02:00,99.65
2021-06-12T14:00:00+02:00,96.23
2021-06-12T15:00:00+02:00,91.39
2021-06-12T16:00:00+02:00,91.21
2021-06-12T17:00:00+02:00,91.53
2021-06-12T18:00:00+02:00,97.0
2021-06-12T19:00:00+02:00,105.44
2021-06-12T20:00:00+02:00,113.77
2021-06-12T21:00:00+02:00,118.17
2021-06-12T22:00:00+02:00,119.33
2021-06-12T23:00:00+02:00,116.85
2021-06-13T00:00:00+02:00,108.34
2021-06-13T01:00:00+02:00,108.11
2021-06-13T02:00:00+02:00,109.14
2021-06-13T03:00:00+02:00,109.96
2021-06-13T04:00:00+02:00,110.28
2021-06-13T05:00:00+02:00,111.19
2021-06-13T06:00:00+02:00,110.87
2021-06-13T07:00:00+02:00,110.42
2021-06-13T08:00:00+02:00,109.04
2021-06-13T09:00:00+02:00,107.19
2021-06-13T10:00:00+02:00,100.69
2021-06-13T11:00:00+02:00,98.1
2021-06-13T12:00:00+02:00,94.49
2021-06-13T13:00:00+02:00,97.28
2021-06-13T14:00:00+02:00,97.72
2021-06-13T15:00:00+02:00,94.64
2021-06-13T16:00:00+02:00,94.86
2021-06-13T17:00:00+02:00,94.22
2021-06-13T18:00:00+02:00,98.69
2021-06-13T19:00:00+02:00,106.81
2021-06-13T20:00:00+02:00,115.21
2021-06-13T21:00:00+02:00,120.69
2021-06-13T22:00:00+02:00,123.26
2021-06-13T23:00:00+02:00,121.51
2021-06-14T00:00:00+02:00,116.45
2021-06-14T01:00:00+02:00,116.16
2021-06-14T02:00:00+02:00,112.99
2021-06-14T03:00:00+02:00,114.76
2021-06-14T04:00:00+02:00,116.62
2021-06-14T05:00:00+02:00,117.02
2021-06-14T06:00:00+02:00,115.54
2021-06-14T07:00:00+02:00,118.8
2021-06-14T08:00:00+02:00,154.03
2021-06-14T09:00:00+02:00,148.75
2021-06-14T10:00:00+02:00,238.99
2021-06-14T11:00:00+02:00,239.33
2021-06-14T12:00:00+02:00,240.02
2021-06-14T13:00:00+02:00,239.81
2021-06-14T14:00:00+02:00,145.79
2021-06-14T15:00:00+02:00,139.56
2021-06-14T16:00:00+02:00,139.24
2021-06-14T17:00:00+02:00,139.55
2021-06-14T18:00:00+02:00,241.04
2021-06-14T19:00:00+02:00,249.06
2021-06-14T20:00:00+02:00,253.83
2021-06-14T21:00:00+02:00,251.04
2021-06-14T22:00:00+02:00,155.95
2021-06-14T23:00:00+02:00,152.35
2021-06-15T00:00:00+02:00,115.76
2021-06-15T01:00:00+02:00,113.27
2021-06-15T02:00:00+02:00,110.42
2021-06-15T03:00:00+02:00,107.8
2021-06-15T04:00:00+02:00,107.81
2021-06-15T05:00:00+02:00,110.47
2021-06-15T06:00:00+02:00,110.41
2021-06-15T07:00:00+02:00,118.08
2021-06-15T08:00:00+02:00,157.98
2021-06-15T09:00:00+02:00,151.22
2021-06-15T10:00:00+02:00,242.36
2021-06-15T11:00:00+02:00,244.96
2021-06-15T12:00:00+02:00,245.05
2021-06-15T13:00:00+02:00,245.38
2021-06-15T14:00:00+02:00,150.85
2021-06-15T15:00:00+02:00,148.94
2021-06-15T16:00:00+02:00,148.73
2021-06-15T17:00:00+02:00,151.34
2021-06-15T18:00:00+02:00,247.78
2021-06-15T19:00:00+02:00,255.14
2021-06-15T20:00:00+02:00,255.74
2021-06-15T21:00:00+02:00,253.15
2021-06-15T22:00:00+02:00,157.99
2021-06-15T23:00:00+02:00,157.45
2021-06-16T00:00:00+02:00,125.65
2021-06-16T01:00:00+02:00,123.54
2021-06-16T02:00:00+02:00,122.17
2021-06-16T03:00:00+02:00,122.53
2021-06-16T04:00:00+02:00,122.7
2021-06-16T05:00:00+02:00,121.72
2021-06-16T06:00:00+02:00,122.72
2021-06-16T07:00:00+02:00,125.12
2021-06-16T08:00:00+02:00,161.78
2021-06-16T09:00:00+02:00,156.09
2021-06-16T10:00:00+02:00,245.97
2021-06-16T11:00:00+02:00,245.63
2021-06-16T12:00:00+02:00,245.19
2021-06-16T13:00:00+02:00,242.45
2021-06-16T14:00:00+02:00,148.55
2021-06-16T15:00:00+02:00,141.07
2021-06-16T16:00:00+02:00,143.85
2021-06-16T17:00:00+02:00,151.64
2021-06-16T18:00:00+02:00,249.26
2021-06-16T19:00:00+02:00,253.73
2021-06-16T20:00:00+02:00,262.4
2021-06-16T21:00:00+02:00,257.64
2021-06-16T22:00:00+02:00,165.08
2021-06-16T23:00:00+02:00,161.28
2021-06-17T00:00:00+02:00,124.89
2021-06-17T01:00:00+02:00,122.96
2021-06-17T02:00:00+02:00,122.79
2021-06-17T03:00:00+02:00,121.33
2021-06-17T04:00:00+02:00,120.87
2021-06-17T05:00:00+02:00,120.13
2021-06-17T06:00:00+02:00,119.68
2021-06-17T07:00:00+02:00,119.2
2021-06-17T08:00:00+02:00,160.39
2021-06-17T09:00:00+02:00,156.18
2021-06-17T10:00:00+02:00,247.54
2021-06-17T11:00:00+02:00,245.8
2021-06-17T12:00:00+02:00,245.37
2021-06-17T13:00:00+02:00,241.94
2021-06-17T14:00:00+02:00,145.87
2021-06-17T15:00:00+02:00,141.32
2021-06-17T16:00:00+02:00,133.07
2021-06-17T17:00:00+02:00,142.39
2021-06-17T18:00:00+02:00,245.38
2021-06-17T19:00:00+02:00,249.8
2021-06-17T20:00:00+02:00,257.8
2021-06-17T21:00:00+02:00,254.54
2021-06-17T22:00:00+02:00,158.39
2021-06-17T23:00:00+02:00,157.45
2021-06-18T00:00:00+02:00,119.21
2021-06-18T01:00:00+02:00,116.95
2021-06-18T02:00:00+02:00,115.82
2021-06-18T03:00:00+02:00,116.08
2021-06-18T04:00:00+02:00,115.62
2021-06-18T05:00:00+02:00,116.43
2021-06-18T06:00:00+02:00,117.4
2021-06-18T07:00:00+02:00,121.74
2021-06-18T08:00:00+02:00,160.95
2021-06-18T09:00:00+02:00,155.84
2021-06-18T10:00:00+02:00,247.92
2021-06-18T11:00:00+02:00,246.49
2021-06-18T12:00:00+02:00,247.95
2021-06-18T13:00:00+02:00,245.97
2021-06-18T14:00:00+02:00,150.97
2021-06-18T15:00:00+02:00,145.44
2021-06-18T16:00:00+02:00,143.89
2021-06-18T17:00:00+02:00,147.19
2021-06-18T18:00:00+02:00,243.06
2021-06-18T19:00:00+02:00,250.64
2021-06-18T20:00:00+02:00,251.68
2021-06-18T21:00:00+02:00,248.79
2021-06-18T22:00:00+02:00,156.4
2021-06-18T23:00:00+02:00,155.05
2021-06-19T00:00:00+02:00,120.52
2021-06-19T01:00:00+02:00,121.36
2021-06-19T02:00:00+02:00,121.75
2021-06-19T03:00:00+02:00,121.92
2021-06-19T04:00:00+02:00,121.91
2021-06-19T05:00:00+02:00,120.04
2021-06-19T06:00:00+02:00,117.32
2021-06-19T07:00:00+02:00,117.46
2021-06-19T08:00:00+02:00,118.91
2021-06-19T09:00:00+02:00,117.04
2021-06-19T10:00:00+02:00,115.49
2021-06-19T11:00:00+02:00,113.1
2021-06-19T12:00:00+02:00,111.73
2021-06-19T13:00:00+02:00,110.18
2021-06-19T14:00:00+02:00,101.95
2021-06-19T15:00:00+02:00,88.82
2021-06-19T16:00:00+02:00,87.69
2021-06-19T17:00:00+02:00,95.45
2021-06-19T18:00:00+02:00,104.68
2021-06-19T19:00:00+02:00,114.41
2021-06-19T20:00:00+02:00,118.72
2021-06-19T21:00:00+02:00,118.51
2021-06-19T22:00:00+02:00,117.81
2021-06-19T23:00:00+02:00,114.11
2021-06-20T00:00:00+02:00,108.46
2021-06-20T01:00:00+02:00,93.58
2021-06-20T02:00:00+02:00,93.05
2021-06-20T03:00:00+02:00,90.06
2021-06-20T04:00:00+02:00,89.98
2021-06-20T05:00:00+02:00,87.94
2021-06-20T06:00:00+02:00,86.36
2021-06-20T07:00:00+02:00,82.07
2021-06-20T08:00:00+02:00,81.19
2021-06-20T09:00:00+02:00,79.33
2021-06-20T10:00:00+02:00,73.29
2021-06-20T11:00:00+02:00,66.79
2021-06-20T12:00:00+02:00,59.97
2021-06-20T13:00:00+02:00,45.7
2021-06-20T14:00:00+02:00,42.9
2021-06-20T15:00:00+02:00,46.73
2021-06-20T16:00:00+02:00,26.31
2021-06-20T17:00:00+02:00,22.42
2021-06-20T18:00:00+02:00,42.08
2021-06-20T19:00:00+02:00,86.12
2021-06-20T20:00:00+02:00,104.83
2021-06-20T21:00:00+02:00,112.29
2021-06-20T22:00:00+02:00,115.53
2021-06-20T23:00:00+02:00,108.62
2021-06-21T00:00:00+02:00,94.12
2021-06-21T01:00:00+02:00,91.47
2021-06-21T02:00:00+02:00,91.19
2021-06-21T03:00:00+02:00,92.2
2021-06-21T04:00:00+02:00,93.54
2021-06-21T05:00:00+02:00,95.01
2021-06-21T06:00:00+02:00,114.24
2021-06-21T07:00:00+02:00,114.36
2021-06-21T08:00:00+02:00,152.38
2021-06-21T09:00:00+02:00,148.37
2021-06-21T10:00:00+02:00,239.35
2021-06-21T11:00:00+02:00,239.63
2021-06-21T12:00:00+02:00,241.01
2021-06-21T13:00:00+02:00,240.82
2021-06-21T14:00:00+02:00,146.91
2021-06-21T15:00:00+02:00,138.11
2021-06-21T16:00:00+02:00,137.85
2021-06-21T17:00:00+02:00,140.85
2021-06-21T18:00:00+02:00,243.65
2021-06-21T19:00:00+02:00,250.14
2021-06-21T20:00:00+02:00,251.17
2021-06-21T21:00:00+02:00,249.06
2021-06-21T22:00:00+02:00,157.11
2021-06-21T23:00:00+02:00,154.32
2021-06-22T00:00:00+02:00,119.8
2021-06-22T01:00:00+02:00,117.18
2021-06-22T02:00:00+02:00,115.18
2021-06-22T03:00:00+02:00,115.65
2021-06-22T04:00:00+02:00,111.81
2021-06-22T05:00:00+02:00,114.29
2021-06-22T06:00:00+02:00,115.74
2021-06-22T07:00:00+02:00,117.24
2021-06-22T08:00:00+02:00,156.19
2021-06-22T09:00:00+02:00,151.94
2021-06-22T10:00:00+02:00,242.48
2021-06-22T11:00:00+02:00,242.16
2021-06-22T12:00:00+02:00,242.14
2021-06-22T13:00:00+02:00,242.41
2021-06-22T14:00:00+02:00,148.66
2021-06-22T15:00:00+02:00,145.44
2021-06-22T16:00:00+02:00,140.72
2021-06-22T17:00:00+02:00,149.06
2021-06-22T18:00:00+02:00,242.72
2021-06-22T19:00:00+02:00,247.71
2021-06-22T20:00:00+02:00,244.83
2021-06-22T21:00:00+02:00,243.94
2021-06-22T22:00:00+02:00,152.77
2021-06-22T23:00:00+02:00,146.55
2021-06-23T00:00:00+02:00,118.25
2021-06-23T01:00:00+02:00,116.5
2021-06-23T02:00:00+02:00,110.59
2021-06-23T03:00:00+02:00,111.92
2021-06-23T04:00:00+02:00,112.98
2021-06-23T05:00:00+02:00,116.24
2021-06-23T06:00:00+02:00,118.54
2021-06-23T07:00:00+02:00,117.71
2021-06-23T08:00:00+02:00,156.86
2021-06-23T09:00:00+02:00,154.9
2021-06-23T10:00:00+02:00,246.48
2021-06-23T11:00:00+02:00,245.42
2021-06-23T12:00:00+02:00,244.18
2021-06-23T13:00:00+02:00,243.91
2021-06-23T14:00:00+02:00,150.63
2021-06-23T15:00:00+02:00,149.91
2021-06-23T16:00:00+02:00,147.03
2021-06-23T17:00:00+02:00,150.76
2021-06-23T18:00:00+02:00,247.13
2021-06-23T19:00:00+02:00,247.31
2021-06-23T20:00:00+02:00,246.34
2021-06-23T21:00:00+02:00,246.4
2021-06-23T22:00:00+02:00,156.02
2021-06-23T23:00:00+02:00,149.77
2021-06-24T00:00:00+02:00,109.82
2021-06-24T01:00:00+02:00,106.61
2021-06-24T02:00:00+02:00,103.82
2021-06-24T03:00:00+02:00,99.49
2021-06-24T04:00:00+02:00,96.55
2021-06-24T05:00:00+02:00,101.54
2021-06-24T06:00:00+02:00,109.01
2021-06-24T07:00:00+02:00,118.3
2021-06-24T08:00:00+02:00,153.35
2021-06-24T09:00:00+02:00,148.35
2021-06-24T10:00:00+02:00,239.78
2021-06-24T11:00:00+02:00,241.54
2021-06-24T12:00:00+02:00,243.22
2021-06-24T13:00:00+02:00,239.32
2021-06-24T14:00:00+02:00,143.44
2021-06-24T15:00:00+02:00,141.02
2021-06-24T16:00:00+02:00,142.31
2021-06-24T17:00:00+02:00,149.55
2021-06-24T18:00:00+02:00,243.56
2021-06-24T19:00:00+02:00,246.87
2021-06-24T20:00:00+02:00,247.99
2021-06-24T21:00:00+02:00,248.98
2021-06-24T22:00:00+02:00,157.42
2021-06-24T23:00:00+02:00,152.85
2021-06-25T00:00:00+02:00,113.4
2021-06-25T01:00:00+02:00,106.55
2021-06-25T02:00:00+02:00,103.8
2021-06-25T03:00:00+02:00,102.76
2021-06-25T04:00:00+02:00,103.25
2021-06-25T05:00:00+02:00,105.58
2021-06-25T06:00:00+02:00,113.96
2021-06-25T07:00:00+02:00,119.44
2021-06-25T08:00:00+02:00,159.91
2021-06-25T09:00:00+02:00,154.5
2021-06-25T10:00:00+02:00,244.29
2021-06-25T11:00:00+02:00,242.25
2021-06-25T12:00:00+02:00,239.32
2021-06-25T13:00:00+02:00,233.45
2021-06-25T14:00:00+02:00,138.37
2021-06-25T15:00:00+02:00,138.16
2021-06-25T16:00:00+02:00,138.65
2021-06-25T17:00:00+02:00,145.31
2021-06-25T18:00:00+02:00,240.8
2021-06-25T19:00:00+02:00,247.7
2021-06-25T20:00:00+02:00,250.95
2021-06-25T21:00:00+02:00,251.68
2021-06-25T22:00:00+02:00,159.42
2021-06-25T23:00:00+02:00,153.98
2021-06-26T00:00:00+02:00,118.39
2021-06-26T01:00:00+02:00,118.0
2021-06-26T02:00:00+02:00,120.18
2021-06-26T03:00:00+02:00,121.4
2021-06-26T04:00:00+02:00,123.24
2021-06-26T05:00:00+02:00,123.31
2021-06-26T06:00:00+02:00,123.09
2021-06-26T07:00:00+02:00,120.46
2021-06-26T08:00:00+02:00,117.13
2021-06-26T09:00:00+02:00,112.04
2021-06-26T10:00:00+02:00,111.16
2021-06-26T11:00:00+02:00,110.24
2021-06-26T12:00:00+02:00,99.52
2021-06-26T13:00:00+02:00,91.26
2021-06-26T14:00:00+02:00,87.99
2021-06-26T15:00:00+02:00,87.17
2021-06-26T16:00:00+02:00,87.74
2021-06-26T17:00:00+02:00,91.97
2021-06-26T18:00:00+02:00,99.0
2021-06-26T19:00:00+02:00,110.73
2021-06-26T20:00:00+02:00,115.14
2021-06-26T21:00:00+02:00,119.57
2021-06-26T22:00:00+02:00,119.52
2021-06-26T23:00:00+02:00,116.46
2021-06-27T00:00:00+02:00,118.91
2021-06-27T01:00:00+02:00,119.19
2021-06-27T02:00:00+02:00,115.58
2021-06-27T03:00:00+02:00,118.16
2021-06-27T04:00:00+02:00,118.37
2021-06-27T05:00:00+02:00,114.63
2021-06-27T06:00:00+02:00,113.21
2021-06-27T07:00:00+02:00,107.66
2021-06-27T08:00:00+02:00,99.46
2021-06-27T09:00:00+02:00,94.25
2021-06-27T10:00:00+02:00,91.29
2021-06-27T11:00:00+02:00,87.23
2021-06-27T12:00:00+02:00,76.9
2021-06-27T13:00:00+02:00,74.55
2021-06-27T14:00:00+02:00,41.76
2021-06-27T15:00:00+02:00,32.32
2021-06-27T16:00:00+02:00,37.86
2021-06-27T17:00:00+02:00,41.13
2021-06-27T18:00:00+02:00,64.57
2021-06-27T19:00:00+02:00,91.47
2021-06-27T20:00:00+02:00,99.02
2021-06-27T21:00:00+02:00,116.35
2021-06-27T22:00:00+02:00,121.8
2021-06-27T23:00:00+02:00,116.11
2021-06-28T00:00:00+02:00,111.43
2021-06-28T01:00:00+02:00,103.99
2021-06-28T02:00:00+02:00,101.04
2021-06-28T03:00:00+02:00,100.58
2021-06-28T04:00:00+02:00,99.45
2021-06-28T05:00:00+02:00,105.59
2021-06-28T06:00:00+02:00,118.8
2021-06-28T07:00:00+02:00,122.61
2021-06-28T08:00:00+02:00,159.79
2021-06-28T09:00:00+02:00,153.58
2021-06-28T10:00:00+02:00,241.91
2021-06-28T11:00:00+02:00,239.34
2021-06-28T12:00:00+02:00,239.34
2021-06-28T13:00:00+02:00,239.59
2021-06-28T14:00:00+02:00,145.79
2021-06-28T15:00:00+02:00,140.22
2021-06-28T16:00:00+02:00,143.9
2021-06-28T17:00:00+02:00,150.21
2021-06-28T18:00:00+02:00,243.72
2021-06-28T19:00:00+02:00,247.2
2021-06-28T20:00:00+02:00,252.28
2021-06-28T21:00:00+02:00,255.13
2021-06-28T22:00:00+02:00,161.39
2021-06-28T23:00:00+02:00,158.85
2021-06-29T00:00:00+02:00,119.27
2021-06-29T01:00:00+02:00,119.24
2021-06-29T02:00:00+02:00,115.07
2021-06-29T03:00:00+02:00,116.11
2021-06-29T04:00:00+02:00,115.48
2021-06-29T05:00:00+02:00,118.31
2021-06-29T06:00:00+02:00,121.19
2021-06-29T07:00:00+02:00,125.47
2021-06-29T08:00:00+02:00,165.41
2021-06-29T09:00:00+02:00,160.43
2021-06-29T10:00:00+02:00,252.36
2021-06-29T11:00:00+02:00,251.02
2021-06-29T12:00:00+02:00,248.58
2021-06-29T13:00:00+02:00,246.25
2021-06-29T14:00:00+02:00,151.61
2021-06-29T15:00:00+02:00,148.01
2021-06-29T16:00:00+02:00,148.24
2021-06-29T17:00:00+02:00,149.23
2021-06-29T18:00:00+02:00,246.54
2021-06-29T19:00:00+02:00,250.49
2021-06-29T20:00:00+02:00,251.2
2021-06-29T21:00:00+02:00,251.1
2021-06-29T22:00:00+02:00,158.26
2021-06-29T23:00:00+02:00,156.37
2021-06-30T00:00:00+02:00,117.6
2021-06-30T01:00:00+02:00,117.25
2021-06-30T02:00:00+02:00,113.72
2021-06-30T03:00:00+02:00,115.5
2021-06-30T04:00:00+02:00,114.51
2021-06-30T05:00:00+02:00,120.34
2021-06-30T06:00:00+02:00,122.35
2021-06-30T07:00:00+02:00,122.94
2021-06-30T08:00:00+02:00,160.98
2021-06-30T09:00:00+02:00,158.93
2021-06-30T10:00:00+02:00,251.41
2021-06-30T11:00:00+02:00,250.95
2021-06-30T12:00:00+02:00,251.76
2021-06-30T13:00:00+02:00,248.72
2021-06-30T14:00:00+02:00,151.73
2021-06-30T15:00:00+02:00,145.83
2021-06-30T16:00:00+02:00,145.51
2021-06-30T17:00:00+02:00,150.54
2021-06-30T18:00:00+02:00,248.7
2021-06-30T19:00:00+02:00,253.44
2021-06-30T20:00:00+02:00,254.64
2021-06-30T21:00:00+02:00,252.64
2021-06-30T22:00:00+02:00,159.77
2021-06-30T23:00:00+02:00,158.24
